Idx,ListingInfo1,UserupdateInfo1,UserupdateInfo2
3,2013-11-5,_EducationId,2013-8-30
3,2013-11-5,_HasBuyCar,2013-8-30
3,2013-11-5,_IdNumber,2013-8-30
3,2013-11-5,_LastUpdateDate,2013-8-30
3,2013-11-5,_MarriageStatusId,2013-8-30
3,2013-11-5,_MobilePhone,2013-8-30
3,2013-11-5,_MobilePhone,2013-8-30
3,2013-11-5,_QQ,2013-8-30
3,2013-11-5,_RealName,2013-8-30
3,2013-11-5,_ResidencePhone,2013-8-30
3,2013-11-5,_ResidenceTypeId,2013-8-30
3,2013-11-5,_ResidenceTypeId,2013-8-30
3,2013-11-5,_ResidenceYears,2013-8-30
5,2013-11-7,_EducationId,2013-10-24
5,2013-11-7,_HasBuyCar,2013-10-24
5,2013-11-7,_IdNumber,2013-10-24
5,2013-11-7,_LastUpdateDate,2013-10-24
5,2013-11-7,_LastUpdateDate,2013-10-24
5,2013-11-7,_MarriageStatusId,2013-10-24
5,2013-11-7,_MobilePhone,2013-10-24
5,2013-11-7,_MobilePhone,2013-10-24
5,2013-11-7,_QQ,2013-10-24
5,2013-11-7,_RealName,2013-10-24
5,2013-11-7,_ResidencePhone,2013-10-24
5,2013-11-7,_ResidenceTypeId,2013-10-24
5,2013-11-7,_ResidenceYears,2013-10-24
8,2013-11-6,_EducationId,2013-10-25
8,2013-11-6,_HasBuyCar,2013-10-25
8,2013-11-6,_IdNumber,2013-10-25
8,2013-11-6,_LastUpdateDate,2013-10-25
8,2013-11-6,_MarriageStatusId,2013-10-25
8,2013-11-6,_MobilePhone,2013-10-25
8,2013-11-6,_MobilePhone,2013-10-25
8,2013-11-6,_mobilePhone,2013-11-4
8,2013-11-6,_mobilePhone,2013-11-4
8,2013-11-6,_QQ,2013-10-25
8,2013-11-6,_RealName,2013-10-25
8,2013-11-6,_ResidencePhone,2013-10-25
8,2013-11-6,_ResidenceTypeId,2013-10-25
8,2013-11-6,_ResidenceYears,2013-10-25
12,2013-11-1,_age,2012-12-8
12,2013-11-1,_Age,2013-10-2
12,2013-11-1,_EducationId,2013-10-2
12,2013-11-1,_gender,2012-12-8
12,2013-11-1,_HasBuyCar,2013-10-2
12,2013-11-1,_idNumber,2012-12-8
12,2013-11-1,_LastUpdateDate,2013-10-2
12,2013-11-1,_MarriageStatusId,2013-10-2
12,2013-11-1,_mobilePhone,2012-12-8
12,2013-11-1,_QQ,2013-10-2
12,2013-11-1,_realName,2012-12-8
12,2013-11-1,_ResidencePhone,2013-10-2
12,2013-11-1,_ResidenceTypeId,2013-10-2
12,2013-11-1,_ResidenceYears,2013-10-2
16,2013-11-5,_EducationId,2013-10-27
16,2013-11-5,_HasBuyCar,2013-10-27
16,2013-11-5,_IdNumber,2013-10-27
16,2013-11-5,_LastUpdateDate,2013-10-27
16,2013-11-5,_MarriageStatusId,2013-10-27
16,2013-11-5,_MobilePhone,2013-10-27
16,2013-11-5,_MobilePhone,2013-10-27
16,2013-11-5,_mobilePhone,2013-11-5
16,2013-11-5,_QQ,2013-10-27
16,2013-11-5,_RealName,2013-10-27
16,2013-11-5,_ResidencePhone,2013-10-27
16,2013-11-5,_ResidenceTypeId,2013-10-27
16,2013-11-5,_ResidenceYears,2013-10-27
17,2013-11-5,_EducationId,2013-10-27
17,2013-11-5,_HasBuyCar,2013-10-27
17,2013-11-5,_IdNumber,2013-10-27
17,2013-11-5,_LastUpdateDate,2013-10-27
17,2013-11-5,_MarriageStatusId,2013-10-27
17,2013-11-5,_MobilePhone,2013-10-27
17,2013-11-5,_mobilePhone,2013-11-4
17,2013-11-5,_QQ,2013-10-27
17,2013-11-5,_RealName,2013-10-27
17,2013-11-5,_ResidencePhone,2013-10-27
17,2013-11-5,_ResidenceTypeId,2013-10-27
17,2013-11-5,_ResidenceYears,2013-10-27
18,2013-11-1,_EducationId,2013-10-27
18,2013-11-1,_HasBuyCar,2013-10-27
18,2013-11-1,_IdNumber,2013-10-27
18,2013-11-1,_LastUpdateDate,2013-10-27
18,2013-11-1,_MarriageStatusId,2013-10-27
18,2013-11-1,_MobilePhone,2013-10-27
18,2013-11-1,_MobilePhone,2013-10-27
18,2013-11-1,_QQ,2013-10-27
18,2013-11-1,_RealName,2013-10-27
18,2013-11-1,_ResidencePhone,2013-10-27
18,2013-11-1,_ResidenceTypeId,2013-10-27
18,2013-11-1,_ResidenceYears,2013-10-27
20,2013-11-1,_EducationId,2013-10-27
20,2013-11-1,_HasBuyCar,2013-10-27
20,2013-11-1,_IdNumber,2013-10-27
20,2013-11-1,_LastUpdateDate,2013-10-27
20,2013-11-1,_MarriageStatusId,2013-10-27
20,2013-11-1,_MobilePhone,2013-10-27
20,2013-11-1,_MobilePhone,2013-10-27
20,2013-11-1,_mobilePhone,2013-11-1
20,2013-11-1,_mobilePhone,2013-11-1
20,2013-11-1,_QQ,2013-10-27
20,2013-11-1,_RealName,2013-10-27
20,2013-11-1,_ResidencePhone,2013-10-27
20,2013-11-1,_ResidenceTypeId,2013-10-27
20,2013-11-1,_ResidenceYears,2013-10-27
21,2013-11-1,_EducationId,2013-10-28
21,2013-11-1,_HasBuyCar,2013-10-28
21,2013-11-1,_IdNumber,2013-10-28
21,2013-11-1,_LastUpdateDate,2013-10-28
21,2013-11-1,_MarriageStatusId,2013-10-28
21,2013-11-1,_MobilePhone,2013-10-28
21,2013-11-1,_MobilePhone,2013-10-28
21,2013-11-1,_QQ,2013-10-28
21,2013-11-1,_RealName,2013-10-28
21,2013-11-1,_ResidencePhone,2013-10-28
21,2013-11-1,_ResidenceTypeId,2013-10-28
21,2013-11-1,_ResidenceYears,2013-10-28
23,2013-11-1,_EducationId,2013-9-16
23,2013-11-1,_HasBuyCar,2013-9-16
23,2013-11-1,_IdNumber,2013-9-16
23,2013-11-1,_LastUpdateDate,2013-9-16
23,2013-11-1,_MarriageStatusId,2013-9-16
23,2013-11-1,_MobilePhone,2013-9-7
23,2013-11-1,_mobilePhone,2013-9-23
23,2013-11-1,_QQ,2013-9-16
23,2013-11-1,_RealName,2013-9-16
23,2013-11-1,_regStepId,2013-8-11
23,2013-11-1,_ResidencePhone,2013-9-16
23,2013-11-1,_ResidenceTypeId,2013-9-16
23,2013-11-1,_ResidenceYears,2013-9-16
29,2013-11-1,_ByUserId,2013-10-28
29,2013-11-1,_EducationId,2013-10-28
29,2013-11-1,_HasBuyCar,2013-10-28
29,2013-11-1,_IdNumber,2013-10-28
29,2013-11-1,_LastUpdateDate,2013-10-28
29,2013-11-1,_MarriageStatusId,2013-10-28
29,2013-11-1,_MobilePhone,2013-10-28
29,2013-11-1,_MobilePhone,2013-10-28
29,2013-11-1,_mobilePhone,2013-10-31
29,2013-11-1,_mobilePhone,2013-10-31
29,2013-11-1,_Phone,2013-10-28
29,2013-11-1,_QQ,2013-10-28
29,2013-11-1,_RealName,2013-10-28
29,2013-11-1,_RealName,2013-10-28
29,2013-11-1,_ResidencePhone,2013-10-28
29,2013-11-1,_ResidenceTypeId,2013-10-28
29,2013-11-1,_ResidenceYears,2013-10-28
31,2013-11-5,_EducationId,2013-10-28
31,2013-11-5,_HasBuyCar,2013-10-28
31,2013-11-5,_IdNumber,2013-10-28
31,2013-11-5,_LastUpdateDate,2013-10-28
31,2013-11-5,_MarriageStatusId,2013-10-28
31,2013-11-5,_MobilePhone,2013-10-28
31,2013-11-5,_MobilePhone,2013-10-28
31,2013-11-5,_mobilePhone,2013-11-5
31,2013-11-5,_QQ,2013-10-28
31,2013-11-5,_RealName,2013-10-28
31,2013-11-5,_ResidencePhone,2013-10-28
31,2013-11-5,_ResidenceTypeId,2013-10-28
31,2013-11-5,_ResidenceYears,2013-10-28
33,2013-11-1,_Age,2013-10-28
33,2013-11-1,_flag_UCtoBcp,2013-10-28
33,2013-11-1,_flag_UCtoBcp,2013-10-28
33,2013-11-1,_flag_UCtoPVR,2013-10-28
33,2013-11-1,_flag_UCtoPVR,2013-10-28
33,2013-11-1,_MobilePhone,2013-10-28
33,2013-11-1,_mobilePhone,2013-10-30
33,2013-11-1,_mobilePhone,2013-10-30
33,2013-11-1,_Phone,2013-10-28
33,2013-11-1,_Phone,2013-10-28
33,2013-11-1,_QQ,2013-10-28
33,2013-11-1,_RealName,2013-10-28
33,2013-11-1,_RealName,2013-10-28
33,2013-11-1,_RelationshipId,2013-10-28
33,2013-11-1,_ResidencePhone,2013-10-28
33,2013-11-1,_ResidenceTypeId,2013-10-28
33,2013-11-1,_ResidenceYears,2013-10-28
35,2013-11-5,_EducationId,2013-10-21
35,2013-11-5,_HasBuyCar,2013-10-21
35,2013-11-5,_IdNumber,2013-10-21
35,2013-11-5,_LastUpdateDate,2013-10-21
35,2013-11-5,_LastUpdateDate,2013-10-30
35,2013-11-5,_LastUpdateDate,2013-10-30
35,2013-11-5,_LastUpdateDate,2013-10-31
35,2013-11-5,_LastUpdateDate,2013-10-31
35,2013-11-5,_MarriageStatusId,2013-10-21
35,2013-11-5,_MobilePhone,2013-10-21
35,2013-11-5,_MobilePhone,2013-10-21
35,2013-11-5,_mobilePhone,2013-11-5
35,2013-11-5,_QQ,2013-10-21
35,2013-11-5,_RealName,2013-10-21
35,2013-11-5,_ResidencePhone,2013-10-21
35,2013-11-5,_ResidencePhone,2013-10-21
35,2013-11-5,_ResidenceTypeId,2013-10-21
35,2013-11-5,_ResidenceYears,2013-10-21
36,2013-11-1,_EducationId,2013-10-28
36,2013-11-1,_HasBuyCar,2013-10-28
36,2013-11-1,_IdNumber,2013-10-28
36,2013-11-1,_LastUpdateDate,2013-10-28
36,2013-11-1,_MarriageStatusId,2013-10-28
36,2013-11-1,_MobilePhone,2013-10-28
36,2013-11-1,_MobilePhone,2013-10-28
36,2013-11-1,_QQ,2013-10-28
36,2013-11-1,_RealName,2013-10-28
36,2013-11-1,_ResidencePhone,2013-10-28
36,2013-11-1,_ResidenceTypeId,2013-10-28
36,2013-11-1,_ResidenceYears,2013-10-28
36,2013-11-1,_turnover,2013-10-28
37,2013-11-1,_CompanyPhone,2013-10-28
37,2013-11-1,_CompanyTypeId,2013-10-28
37,2013-11-1,_EducationId,2013-9-11
37,2013-11-1,_HasBuyCar,2013-9-11
37,2013-11-1,_IdNumber,2013-9-11
37,2013-11-1,_LastUpdateDate,2013-9-11
37,2013-11-1,_MarriageStatusId,2013-9-11
37,2013-11-1,_MobilePhone,2013-9-11
37,2013-11-1,_MobilePhone,2013-10-28
37,2013-11-1,_mobilePhone,2013-11-1
37,2013-11-1,_Phone,2013-10-30
37,2013-11-1,_QQ,2013-9-11
37,2013-11-1,_RealName,2013-9-11
37,2013-11-1,_ResidencePhone,2013-9-11
37,2013-11-1,_ResidenceTypeId,2013-9-11
37,2013-11-1,_ResidenceYears,2013-9-11
41,2013-11-7,_EducationId,2013-10-29
41,2013-11-7,_HasBuyCar,2013-10-29
41,2013-11-7,_IdNumber,2013-10-29
41,2013-11-7,_LastUpdateDate,2013-10-29
41,2013-11-7,_LastUpdateDate,2013-10-29
41,2013-11-7,_LastUpdateDate,2013-10-29
41,2013-11-7,_LastUpdateDate,2013-11-7
41,2013-11-7,_LastUpdateDate,2013-11-7
41,2013-11-7,_MarriageStatusId,2013-10-29
41,2013-11-7,_MobilePhone,2013-10-29
41,2013-11-7,_MobilePhone,2013-10-29
41,2013-11-7,_mobilePhone,2013-11-7
41,2013-11-7,_MobilePhone,2013-11-7
41,2013-11-7,_QQ,2013-10-29
41,2013-11-7,_RealName,2013-10-29
41,2013-11-7,_ResidencePhone,2013-10-29
41,2013-11-7,_ResidenceTypeId,2013-10-29
41,2013-11-7,_ResidenceYears,2013-10-29
43,2013-11-4,_CompanyPhone,2013-10-31
43,2013-11-4,_EducationId,2013-10-29
43,2013-11-4,_HasBuyCar,2013-10-29
43,2013-11-4,_IdNumber,2013-10-29
43,2013-11-4,_LastUpdateDate,2013-10-29
43,2013-11-4,_LastUpdateDate,2013-10-31
43,2013-11-4,_MarriageStatusId,2013-10-29
43,2013-11-4,_MobilePhone,2013-10-29
43,2013-11-4,_MobilePhone,2013-10-29
43,2013-11-4,_mobilePhone,2013-11-4
43,2013-11-4,_QQ,2013-10-29
43,2013-11-4,_RealName,2013-10-29
43,2013-11-4,_ResidencePhone,2013-10-29
43,2013-11-4,_ResidenceTypeId,2013-10-29
43,2013-11-4,_ResidenceYears,2013-10-29
48,2013-11-9,_age,2013-7-5
48,2013-11-9,_educationId,2013-7-5
48,2013-11-9,_flag_UCtoBcp,2013-10-31
48,2013-11-9,_flag_UCtoBcp,2013-10-31
48,2013-11-9,_flag_UCtoPVR,2013-10-31
48,2013-11-9,_flag_UCtoPVR,2013-10-31
48,2013-11-9,_gender,2013-7-5
48,2013-11-9,_hasBuyCar,2013-7-5
48,2013-11-9,_idNumber,2013-7-5
48,2013-11-9,_lastUpdateDate,2013-7-5
48,2013-11-9,_lastUpdateDate,2013-7-5
48,2013-11-9,_lastUpdateDate,2013-7-5
48,2013-11-9,_lastUpdateDate,2013-7-6
48,2013-11-9,_lastUpdateDate,2013-7-6
48,2013-11-9,_lastUpdateDate,2013-7-7
48,2013-11-9,_lastUpdateDate,2013-7-7
48,2013-11-9,_marriageStatusId,2013-7-5
48,2013-11-9,_mobilePhone,2013-7-5
48,2013-11-9,_qQ,2013-7-5
48,2013-11-9,_realName,2013-7-5
48,2013-11-9,_regStepId,2013-7-4
48,2013-11-9,_regStepId,2013-7-5
48,2013-11-9,_residenceAddress,2013-7-5
48,2013-11-9,_residencePhone,2013-7-5
48,2013-11-9,_residenceTypeId,2013-7-5
48,2013-11-9,_residenceYears,2013-7-5
51,2013-11-5,_EducationId,2013-10-29
51,2013-11-5,_HasBuyCar,2013-10-29
51,2013-11-5,_IdNumber,2013-10-29
51,2013-11-5,_LastUpdateDate,2013-10-29
51,2013-11-5,_MarriageStatusId,2013-10-29
51,2013-11-5,_MobilePhone,2013-10-29
51,2013-11-5,_MobilePhone,2013-10-29
51,2013-11-5,_Phone,2013-11-4
51,2013-11-5,_Phone,2013-11-4
51,2013-11-5,_QQ,2013-10-29
51,2013-11-5,_RealName,2013-10-29
51,2013-11-5,_RealName,2013-11-4
51,2013-11-5,_RealName,2013-11-4
51,2013-11-5,_RelationshipId,2013-11-4
51,2013-11-5,_ResidencePhone,2013-10-29
51,2013-11-5,_ResidenceTypeId,2013-10-29
51,2013-11-5,_ResidenceYears,2013-10-29
57,2013-11-1,_EducationId,2013-10-29
57,2013-11-1,_HasBuyCar,2013-10-29
57,2013-11-1,_IdNumber,2013-10-29
57,2013-11-1,_LastUpdateDate,2013-10-29
57,2013-11-1,_LastUpdateDate,2013-10-29
57,2013-11-1,_LastUpdateDate,2013-10-29
57,2013-11-1,_MarriageStatusId,2013-10-29
57,2013-11-1,_MobilePhone,2013-10-29
57,2013-11-1,_MobilePhone,2013-10-29
57,2013-11-1,_QQ,2013-10-29
57,2013-11-1,_RealName,2013-10-29
57,2013-11-1,_ResidencePhone,2013-10-29
57,2013-11-1,_ResidenceTypeId,2013-10-29
57,2013-11-1,_ResidenceYears,2013-10-29
62,2013-11-5,_EducationId,2013-9-27
62,2013-11-5,_HasBuyCar,2013-9-27
62,2013-11-5,_IdNumber,2013-9-27
62,2013-11-5,_IncomeFrom,2013-10-30
62,2013-11-5,_LastUpdateDate,2013-9-27
62,2013-11-5,_MarriageStatusId,2013-9-27
62,2013-11-5,_MobilePhone,2013-9-27
62,2013-11-5,_MobilePhone,2013-9-27
62,2013-11-5,_mobilePhone,2013-11-5
62,2013-11-5,_QQ,2013-9-27
62,2013-11-5,_RealName,2013-9-27
62,2013-11-5,_ResidencePhone,2013-9-27
62,2013-11-5,_ResidenceTypeId,2013-9-27
62,2013-11-5,_ResidenceYears,2013-9-27
67,2013-11-7,_EducationId,2013-10-29
67,2013-11-7,_HasBuyCar,2013-10-29
67,2013-11-7,_IdNumber,2013-10-29
67,2013-11-7,_LastUpdateDate,2013-10-29
67,2013-11-7,_MarriageStatusId,2013-10-29
67,2013-11-7,_MobilePhone,2013-10-29
67,2013-11-7,_MobilePhone,2013-10-29
67,2013-11-7,_mobilePhone,2013-11-6
67,2013-11-7,_QQ,2013-10-29
67,2013-11-7,_RealName,2013-10-29
67,2013-11-7,_ResidencePhone,2013-10-29
67,2013-11-7,_ResidenceTypeId,2013-10-29
67,2013-11-7,_ResidenceYears,2013-10-29
68,2013-11-1,_EducationId,2013-8-26
68,2013-11-1,_HasBuyCar,2013-8-26
68,2013-11-1,_IdNumber,2013-8-26
68,2013-11-1,_LastUpdateDate,2013-8-26
68,2013-11-1,_MarriageStatusId,2013-8-26
68,2013-11-1,_MobilePhone,2013-8-26
68,2013-11-1,_MobilePhone,2013-8-30
68,2013-11-1,_QQ,2013-8-26
68,2013-11-1,_RealName,2013-8-26
68,2013-11-1,_ResidencePhone,2013-8-26
68,2013-11-1,_ResidenceTypeId,2013-8-26
68,2013-11-1,_ResidenceYears,2013-8-26
71,2013-11-4,_EducationId,2013-9-26
71,2013-11-4,_EducationId,2013-10-30
71,2013-11-4,_EducationId,2013-11-3
71,2013-11-4,_HasBuyCar,2013-9-26
71,2013-11-4,_IdNumber,2013-9-26
71,2013-11-4,_LastUpdateDate,2013-9-26
71,2013-11-4,_LastUpdateDate,2013-10-30
71,2013-11-4,_LastUpdateDate,2013-11-3
71,2013-11-4,_MarriageStatusId,2013-9-26
71,2013-11-4,_MobilePhone,2013-9-26
71,2013-11-4,_MobilePhone,2013-10-29
71,2013-11-4,_QQ,2013-9-26
71,2013-11-4,_RealName,2013-9-26
71,2013-11-4,_regStepId,2013-8-4
71,2013-11-4,_ResidencePhone,2013-9-26
71,2013-11-4,_ResidenceTypeId,2013-9-26
71,2013-11-4,_ResidenceYears,2013-9-26
71,2013-11-4,_turnover,2013-10-29
73,2013-11-1,_EducationId,2013-10-29
73,2013-11-1,_HasBuyCar,2013-10-29
73,2013-11-1,_IdNumber,2013-10-29
73,2013-11-1,_LastUpdateDate,2013-10-29
73,2013-11-1,_MarriageStatusId,2013-10-29
73,2013-11-1,_MobilePhone,2013-10-29
73,2013-11-1,_MobilePhone,2013-10-29
73,2013-11-1,_QQ,2013-10-29
73,2013-11-1,_RealName,2013-10-29
73,2013-11-1,_ResidencePhone,2013-10-29
73,2013-11-1,_ResidenceTypeId,2013-10-29
73,2013-11-1,_ResidenceYears,2013-10-29
75,2013-11-5,_age,2013-6-10
75,2013-11-5,_educationId,2013-6-10
75,2013-11-5,_gender,2013-6-10
75,2013-11-5,_hasBuyCar,2013-6-10
75,2013-11-5,_idNumber,2013-6-10
75,2013-11-5,_IncomeFrom,2013-10-29
75,2013-11-5,_lastUpdateDate,2013-6-10
75,2013-11-5,_LastUpdateDate,2013-10-29
75,2013-11-5,_marriageStatusId,2013-6-10
75,2013-11-5,_mobilePhone,2013-6-10
75,2013-11-5,_MobilePhone,2013-10-29
75,2013-11-5,_realName,2013-6-10
75,2013-11-5,_regStepId,2013-6-10
75,2013-11-5,_regStepId,2013-6-10
75,2013-11-5,_residenceAddress,2013-6-10
75,2013-11-5,_residencePhone,2013-6-10
75,2013-11-5,_residenceTypeId,2013-6-10
75,2013-11-5,_residenceYears,2013-6-10
80,2013-11-1,_EducationId,2013-10-28
80,2013-11-1,_HasBuyCar,2013-10-28
80,2013-11-1,_IdNumber,2013-10-28
80,2013-11-1,_LastUpdateDate,2013-10-28
80,2013-11-1,_MarriageStatusId,2013-10-28
80,2013-11-1,_MobilePhone,2013-10-28
80,2013-11-1,_QQ,2013-10-28
80,2013-11-1,_RealName,2013-10-28
80,2013-11-1,_ResidencePhone,2013-10-28
80,2013-11-1,_ResidenceTypeId,2013-10-28
80,2013-11-1,_ResidenceYears,2013-10-28
81,2013-11-4,_CompanyPhone,2013-10-30
81,2013-11-4,_EducationId,2013-10-29
81,2013-11-4,_HasBuyCar,2013-10-29
81,2013-11-4,_IdNumber,2013-10-29
81,2013-11-4,_LastUpdateDate,2013-10-29
81,2013-11-4,_MarriageStatusId,2013-10-29
81,2013-11-4,_MobilePhone,2013-10-29
81,2013-11-4,_MobilePhone,2013-10-29
81,2013-11-4,_QQ,2013-10-29
81,2013-11-4,_RealName,2013-10-29
81,2013-11-4,_ResidencePhone,2013-10-29
81,2013-11-4,_ResidenceTypeId,2013-10-29
81,2013-11-4,_ResidenceYears,2013-10-29
82,2013-11-1,_CompanyAddress,2013-10-30
82,2013-11-1,_CompanyName,2013-10-30
82,2013-11-1,_CompanyPhone,2013-10-29
82,2013-11-1,_CompanyTypeId,2013-10-30
82,2013-11-1,_EducationId,2013-10-29
82,2013-11-1,_HasBuyCar,2013-10-29
82,2013-11-1,_IdNumber,2013-10-29
82,2013-11-1,_LastUpdateDate,2013-10-29
82,2013-11-1,_LastUpdateDate,2013-10-30
82,2013-11-1,_MarriageStatusId,2013-10-29
82,2013-11-1,_MobilePhone,2013-10-29
82,2013-11-1,_MobilePhone,2013-10-29
82,2013-11-1,_QQ,2013-10-29
82,2013-11-1,_RealName,2013-10-29
82,2013-11-1,_ResidencePhone,2013-10-29
82,2013-11-1,_ResidenceTypeId,2013-10-29
82,2013-11-1,_ResidenceYears,2013-10-29
83,2013-11-4,_EducationId,2013-10-29
83,2013-11-4,_HasBuyCar,2013-10-29
83,2013-11-4,_IdNumber,2013-10-29
83,2013-11-4,_LastUpdateDate,2013-10-29
83,2013-11-4,_MarriageStatusId,2013-10-29
83,2013-11-4,_MobilePhone,2013-10-29
83,2013-11-4,_MobilePhone,2013-10-29
83,2013-11-4,_mobilePhone,2013-11-4
83,2013-11-4,_QQ,2013-10-29
83,2013-11-4,_RealName,2013-10-29
83,2013-11-4,_ResidencePhone,2013-10-29
83,2013-11-4,_ResidenceTypeId,2013-10-29
83,2013-11-4,_ResidenceYears,2013-10-29
86,2013-11-1,_EducationId,2013-10-20
86,2013-11-1,_HasBuyCar,2013-10-20
86,2013-11-1,_IdNumber,2013-10-20
86,2013-11-1,_LastUpdateDate,2013-10-20
86,2013-11-1,_MarriageStatusId,2013-10-20
86,2013-11-1,_MobilePhone,2013-10-20
86,2013-11-1,_MobilePhone,2013-10-29
86,2013-11-1,_Phone,2013-10-30
86,2013-11-1,_Phone,2013-10-30
86,2013-11-1,_Phone,2013-10-31
86,2013-11-1,_Phone,2013-10-31
86,2013-11-1,_Phone,2013-10-31
86,2013-11-1,_Phone,2013-10-31
86,2013-11-1,_Phone,2013-10-31
86,2013-11-1,_Phone,2013-10-31
86,2013-11-1,_QQ,2013-10-20
86,2013-11-1,_RealName,2013-10-20
86,2013-11-1,_RealName,2013-10-30
86,2013-11-1,_RealName,2013-10-31
86,2013-11-1,_RealName,2013-10-31
86,2013-11-1,_RealName,2013-10-31
86,2013-11-1,_RealName,2013-10-31
86,2013-11-1,_RealName,2013-10-31
86,2013-11-1,_RealName,2013-10-31
86,2013-11-1,_RealName,2013-10-31
86,2013-11-1,_RelationshipId,2013-10-31
86,2013-11-1,_RelationshipId,2013-10-31
86,2013-11-1,_RelationshipId,2013-10-31
86,2013-11-1,_ResidencePhone,2013-10-20
86,2013-11-1,_ResidenceTypeId,2013-10-20
86,2013-11-1,_ResidenceYears,2013-10-20
88,2013-11-1,_companyAddress,2013-7-14
88,2013-11-1,_companyPhone,2013-7-14
88,2013-11-1,_companyTypeId,2013-7-14
88,2013-11-1,_department,2013-7-14
88,2013-11-1,_hasBuyCar,2013-7-14
88,2013-11-1,_lastUpdateDate,2013-7-14
88,2013-11-1,_lastUpdateDate,2013-7-14
88,2013-11-1,_lastUpdateDate,2013-7-14
88,2013-11-1,_lastUpdateDate,2013-7-14
88,2013-11-1,_regStepId,2013-7-14
88,2013-11-1,_residenceAddress,2013-7-14
88,2013-11-1,_residenceYears,2013-7-14
97,2013-11-1,_EducationId,2013-10-29
97,2013-11-1,_HasBuyCar,2013-10-29
97,2013-11-1,_IdNumber,2013-10-29
97,2013-11-1,_LastUpdateDate,2013-10-29
97,2013-11-1,_MarriageStatusId,2013-10-29
97,2013-11-1,_MobilePhone,2013-10-29
97,2013-11-1,_MobilePhone,2013-10-29
97,2013-11-1,_mobilePhone,2013-10-31
97,2013-11-1,_mobilePhone,2013-10-31
97,2013-11-1,_QQ,2013-10-29
97,2013-11-1,_RealName,2013-10-29
97,2013-11-1,_ResidencePhone,2013-10-29
97,2013-11-1,_ResidenceTypeId,2013-10-29
97,2013-11-1,_ResidenceYears,2013-10-29
109,2013-11-6,_HasBuyCar,2013-10-6
109,2013-11-6,_LastUpdateDate,2013-10-6
109,2013-11-6,_LastUpdateDate,2013-10-6
109,2013-11-6,_LastUpdateDate,2013-10-17
109,2013-11-6,_LastUpdateDate,2013-10-30
109,2013-11-6,_LastUpdateDate,2013-10-30
109,2013-11-6,_LastUpdateDate,2013-11-6
109,2013-11-6,_LastUpdateDate,2013-11-6
109,2013-11-6,_MobilePhone,2013-10-6
109,2013-11-6,_MobilePhone,2013-10-6
109,2013-11-6,_MobilePhone,2013-10-31
109,2013-11-6,_QQ,2013-10-6
109,2013-11-6,_ResidencePhone,2013-10-6
109,2013-11-6,_ResidenceTypeId,2013-10-6
109,2013-11-6,_ResidenceYears,2013-10-6
115,2013-11-5,_EducationId,2013-10-30
115,2013-11-5,_HasBuyCar,2013-10-30
115,2013-11-5,_IdNumber,2013-10-30
115,2013-11-5,_LastUpdateDate,2013-10-30
115,2013-11-5,_LastUpdateDate,2013-10-30
115,2013-11-5,_LastUpdateDate,2013-10-30
115,2013-11-5,_LastUpdateDate,2013-10-30
115,2013-11-5,_MarriageStatusId,2013-10-30
115,2013-11-5,_MobilePhone,2013-10-30
115,2013-11-5,_QQ,2013-10-30
115,2013-11-5,_RealName,2013-10-30
115,2013-11-5,_ResidenceAddress,2013-10-30
115,2013-11-5,_ResidencePhone,2013-10-30
115,2013-11-5,_ResidenceTypeId,2013-10-30
115,2013-11-5,_ResidenceYears,2013-10-30
118,2013-11-6,_EducationId,2013-10-30
118,2013-11-6,_HasBuyCar,2013-10-30
118,2013-11-6,_IdNumber,2013-10-30
118,2013-11-6,_MarriageStatusId,2013-10-30
118,2013-11-6,_MobilePhone,2013-10-30
118,2013-11-6,_QQ,2013-10-30
118,2013-11-6,_RealName,2013-10-30
118,2013-11-6,_ResidenceAddress,2013-10-30
118,2013-11-6,_ResidencePhone,2013-10-30
118,2013-11-6,_ResidenceTypeId,2013-10-30
118,2013-11-6,_ResidenceYears,2013-10-30
123,2013-11-7,_EducationId,2013-9-6
123,2013-11-7,_EducationId,2013-9-6
123,2013-11-7,_HasBuyCar,2013-9-6
123,2013-11-7,_IdNumber,2013-9-6
123,2013-11-7,_IdNumber,2013-9-6
123,2013-11-7,_LastUpdateDate,2013-9-6
123,2013-11-7,_LastUpdateDate,2013-9-6
123,2013-11-7,_MarriageStatusId,2013-9-6
123,2013-11-7,_MobilePhone,2013-9-6
123,2013-11-7,_MobilePhone,2013-9-6
123,2013-11-7,_MobilePhone,2013-9-6
123,2013-11-7,_mobilePhone,2013-11-6
123,2013-11-7,_QQ,2013-9-6
123,2013-11-7,_QQ,2013-9-6
123,2013-11-7,_RealName,2013-9-6
123,2013-11-7,_RealName,2013-9-6
123,2013-11-7,_ResidencePhone,2013-9-6
123,2013-11-7,_ResidenceTypeId,2013-9-6
123,2013-11-7,_ResidenceYears,2013-9-6
125,2013-11-6,_EducationId,2013-10-30
125,2013-11-6,_HasBuyCar,2013-10-30
125,2013-11-6,_IdNumber,2013-10-30
125,2013-11-6,_MarriageStatusId,2013-10-30
125,2013-11-6,_MobilePhone,2013-10-30
125,2013-11-6,_mobilePhone,2013-11-5
125,2013-11-6,_QQ,2013-10-30
125,2013-11-6,_RealName,2013-10-30
125,2013-11-6,_ResidenceAddress,2013-10-30
125,2013-11-6,_ResidencePhone,2013-10-30
125,2013-11-6,_ResidenceTypeId,2013-10-30
125,2013-11-6,_ResidenceYears,2013-10-30
133,2013-11-6,_EducationId,2013-10-30
133,2013-11-6,_MobilePhone,2013-10-30
133,2013-11-6,_Phone,2013-11-4
133,2013-11-6,_QQ,2013-10-30
133,2013-11-6,_RealName,2013-11-4
133,2013-11-6,_RealName,2013-11-4
133,2013-11-6,_ResidenceYears,2013-10-30
137,2013-11-6,_EducationId,2013-10-30
137,2013-11-6,_HasBuyCar,2013-10-30
137,2013-11-6,_IdNumber,2013-10-30
137,2013-11-6,_MarriageStatusId,2013-10-30
137,2013-11-6,_MobilePhone,2013-10-30
137,2013-11-6,_QQ,2013-10-30
137,2013-11-6,_RealName,2013-10-30
137,2013-11-6,_ResidenceAddress,2013-10-30
137,2013-11-6,_ResidencePhone,2013-10-30
137,2013-11-6,_ResidenceTypeId,2013-10-30
137,2013-11-6,_ResidenceYears,2013-10-30
143,2013-11-4,_EducationId,2013-10-30
143,2013-11-4,_flag_UCtoBcp,2013-11-2
143,2013-11-4,_flag_UCtoBcp,2013-11-2
143,2013-11-4,_flag_UCtoPVR,2013-11-2
143,2013-11-4,_flag_UCtoPVR,2013-11-2
143,2013-11-4,_HasBuyCar,2013-10-30
143,2013-11-4,_IdNumber,2013-10-30
143,2013-11-4,_LastUpdateDate,2013-10-30
143,2013-11-4,_MarriageStatusId,2013-10-30
143,2013-11-4,_MobilePhone,2013-10-30
143,2013-11-4,_MobilePhone,2013-10-30
143,2013-11-4,_mobilePhone,2013-10-31
143,2013-11-4,_QQ,2013-10-30
143,2013-11-4,_RealName,2013-10-30
143,2013-11-4,_ResidencePhone,2013-10-30
143,2013-11-4,_ResidenceTypeId,2013-10-30
143,2013-11-4,_ResidenceYears,2013-10-30
144,2013-11-5,_EducationId,2013-10-30
144,2013-11-5,_HasBuyCar,2013-10-30
144,2013-11-5,_IdNumber,2013-10-30
144,2013-11-5,_MarriageStatusId,2013-10-30
144,2013-11-5,_MobilePhone,2013-10-30
144,2013-11-5,_QQ,2013-10-30
144,2013-11-5,_RealName,2013-10-30
144,2013-11-5,_ResidenceAddress,2013-10-30
144,2013-11-5,_ResidencePhone,2013-10-30
144,2013-11-5,_ResidenceTypeId,2013-10-30
144,2013-11-5,_ResidenceYears,2013-10-30
146,2013-11-4,_EducationId,2013-10-30
146,2013-11-4,_EducationId,2013-10-30
146,2013-11-4,_HasBuyCar,2013-10-30
146,2013-11-4,_HasBuyCar,2013-10-30
146,2013-11-4,_IdNumber,2013-10-30
146,2013-11-4,_IdNumber,2013-10-30
146,2013-11-4,_LastUpdateDate,2013-10-30
146,2013-11-4,_MarriageStatusId,2013-10-30
146,2013-11-4,_MarriageStatusId,2013-10-30
146,2013-11-4,_MobilePhone,2013-10-30
146,2013-11-4,_mobilePhone,2013-10-31
146,2013-11-4,_QQ,2013-10-30
146,2013-11-4,_QQ,2013-10-30
146,2013-11-4,_RealName,2013-10-30
146,2013-11-4,_RealName,2013-10-30
146,2013-11-4,_ResidenceAddress,2013-10-30
146,2013-11-4,_ResidenceAddress,2013-10-30
146,2013-11-4,_ResidencePhone,2013-10-30
146,2013-11-4,_ResidencePhone,2013-10-30
146,2013-11-4,_ResidenceTypeId,2013-10-30
146,2013-11-4,_ResidenceTypeId,2013-10-30
146,2013-11-4,_ResidenceYears,2013-10-30
146,2013-11-4,_ResidenceYears,2013-10-30
147,2013-11-4,_EducationId,2013-10-30
147,2013-11-4,_HasBuyCar,2013-10-30
147,2013-11-4,_IdNumber,2013-10-30
147,2013-11-4,_MarriageStatusId,2013-10-30
147,2013-11-4,_MobilePhone,2013-10-30
147,2013-11-4,_Phone,2013-11-4
147,2013-11-4,_QQ,2013-10-30
147,2013-11-4,_RealName,2013-10-30
147,2013-11-4,_RealName,2013-11-4
147,2013-11-4,_RelationshipId,2013-11-4
147,2013-11-4,_ResidenceAddress,2013-10-30
147,2013-11-4,_ResidencePhone,2013-10-30
147,2013-11-4,_ResidenceTypeId,2013-10-30
147,2013-11-4,_ResidenceYears,2013-10-30
149,2013-11-7,_EducationId,2013-10-30
149,2013-11-7,_EducationId,2013-10-31
149,2013-11-7,_HasBuyCar,2013-10-30
149,2013-11-7,_IdNumber,2013-10-30
149,2013-11-7,_LastUpdateDate,2013-10-30
149,2013-11-7,_LastUpdateDate,2013-10-31
149,2013-11-7,_LastUpdateDate,2013-10-31
149,2013-11-7,_LastUpdateDate,2013-11-3
149,2013-11-7,_MarriageStatusId,2013-10-30
149,2013-11-7,_MobilePhone,2013-10-30
149,2013-11-7,_QQ,2013-10-30
149,2013-11-7,_RealName,2013-10-30
149,2013-11-7,_ResidenceAddress,2013-10-30
149,2013-11-7,_ResidencePhone,2013-10-30
149,2013-11-7,_ResidenceTypeId,2013-10-30
149,2013-11-7,_ResidenceTypeId,2013-10-31
149,2013-11-7,_ResidenceYears,2013-10-30
149,2013-11-7,_turnover,2013-10-30
149,2013-11-7,_turnover,2013-10-30
149,2013-11-7,_turnover,2013-10-31
149,2013-11-7,_turnover,2013-11-3
152,2013-11-6,_EducationId,2013-10-30
152,2013-11-6,_HasBuyCar,2013-10-30
152,2013-11-6,_IdNumber,2013-10-30
152,2013-11-6,_MarriageStatusId,2013-10-30
152,2013-11-6,_MobilePhone,2013-10-30
152,2013-11-6,_QQ,2013-10-30
152,2013-11-6,_RealName,2013-10-30
152,2013-11-6,_ResidenceAddress,2013-10-30
152,2013-11-6,_ResidencePhone,2013-10-30
152,2013-11-6,_ResidenceTypeId,2013-10-30
152,2013-11-6,_ResidenceYears,2013-10-30
156,2013-11-7,_EducationId,2013-10-30
156,2013-11-7,_HasBuyCar,2013-10-30
156,2013-11-7,_IdNumber,2013-10-30
156,2013-11-7,_LastUpdateDate,2013-10-30
156,2013-11-7,_MarriageStatusId,2013-10-30
156,2013-11-7,_MobilePhone,2013-10-30
156,2013-11-7,_mobilePhone,2013-11-7
156,2013-11-7,_mobilePhone,2013-11-7
156,2013-11-7,_mobilePhone,2013-11-7
156,2013-11-7,_QQ,2013-10-30
156,2013-11-7,_RealName,2013-10-30
156,2013-11-7,_ResidenceAddress,2013-10-30
156,2013-11-7,_ResidencePhone,2013-10-30
156,2013-11-7,_ResidenceTypeId,2013-10-30
156,2013-11-7,_ResidenceYears,2013-10-30
157,2013-11-6,_Age,2013-11-4
157,2013-11-6,_EducationId,2013-10-30
157,2013-11-6,_Gender,2013-11-4
157,2013-11-6,_HasBuyCar,2013-10-30
157,2013-11-6,_IdNumber,2013-10-30
157,2013-11-6,_IsCash,2013-11-4
157,2013-11-6,_LastUpdateDate,2013-11-4
157,2013-11-6,_MarriageStatusId,2013-10-30
157,2013-11-6,_MobilePhone,2013-10-30
157,2013-11-6,_QQ,2013-10-30
157,2013-11-6,_RealName,2013-10-30
157,2013-11-6,_ResidenceAddress,2013-10-30
157,2013-11-6,_ResidencePhone,2013-10-30
157,2013-11-6,_ResidenceTypeId,2013-10-30
157,2013-11-6,_ResidenceYears,2013-10-30
160,2013-11-4,_EducationId,2013-10-30
160,2013-11-4,_HasBuyCar,2013-10-30
160,2013-11-4,_IdNumber,2013-10-30
160,2013-11-4,_MarriageStatusId,2013-10-30
160,2013-11-4,_MobilePhone,2013-10-30
160,2013-11-4,_QQ,2013-10-30
160,2013-11-4,_RealName,2013-10-30
160,2013-11-4,_ResidenceAddress,2013-10-30
160,2013-11-4,_ResidencePhone,2013-10-30
160,2013-11-4,_ResidenceTypeId,2013-10-30
160,2013-11-4,_ResidenceYears,2013-10-30
161,2013-11-12,_EducationId,2013-10-30
161,2013-11-12,_HasBuyCar,2013-10-30
161,2013-11-12,_IdNumber,2013-10-30
161,2013-11-12,_MarriageStatusId,2013-10-30
161,2013-11-12,_MobilePhone,2013-10-30
161,2013-11-12,_mobilePhone,2013-11-8
161,2013-11-12,_QQ,2013-10-30
161,2013-11-12,_RealName,2013-10-30
161,2013-11-12,_ResidenceAddress,2013-10-30
161,2013-11-12,_ResidencePhone,2013-10-30
161,2013-11-12,_ResidenceTypeId,2013-10-30
161,2013-11-12,_ResidenceYears,2013-10-30
165,2013-11-6,_EducationId,2013-10-30
165,2013-11-6,_HasBuyCar,2013-10-30
165,2013-11-6,_IdNumber,2013-10-30
165,2013-11-6,_MarriageStatusId,2013-10-30
165,2013-11-6,_MobilePhone,2013-10-30
165,2013-11-6,_Phone,2013-11-6
165,2013-11-6,_Phone,2013-11-6
165,2013-11-6,_QQ,2013-10-30
165,2013-11-6,_RealName,2013-10-30
165,2013-11-6,_RealName,2013-11-6
165,2013-11-6,_RealName,2013-11-6
165,2013-11-6,_RelationshipId,2013-11-6
165,2013-11-6,_RelationshipId,2013-11-6
165,2013-11-6,_ResidenceAddress,2013-10-30
165,2013-11-6,_ResidencePhone,2013-10-30
165,2013-11-6,_ResidenceTypeId,2013-10-30
165,2013-11-6,_ResidenceYears,2013-10-30
167,2013-11-11,_EducationId,2013-10-30
167,2013-11-11,_HasBuyCar,2013-10-30
167,2013-11-11,_IdNumber,2013-10-30
167,2013-11-11,_MarriageStatusId,2013-10-30
167,2013-11-11,_MobilePhone,2013-10-8
167,2013-11-11,_mobilePhone,2013-11-8
167,2013-11-11,_mobilePhone,2013-11-11
167,2013-11-11,_QQ,2013-10-30
167,2013-11-11,_RealName,2013-10-30
167,2013-11-11,_ResidenceAddress,2013-10-30
167,2013-11-11,_ResidencePhone,2013-10-30
167,2013-11-11,_ResidenceTypeId,2013-10-30
167,2013-11-11,_ResidenceYears,2013-10-30
170,2013-11-11,_EducationId,2013-9-15
170,2013-11-11,_HasBuyCar,2013-9-15
170,2013-11-11,_IdNumber,2013-9-15
170,2013-11-11,_LastUpdateDate,2013-9-15
170,2013-11-11,_LastUpdateDate,2013-11-7
170,2013-11-11,_MarriageStatusId,2013-9-15
170,2013-11-11,_MobilePhone,2013-9-15
170,2013-11-11,_MobilePhone,2013-9-15
170,2013-11-11,_QQ,2013-9-15
170,2013-11-11,_RealName,2013-9-15
170,2013-11-11,_ResidencePhone,2013-9-15
170,2013-11-11,_ResidenceTypeId,2013-9-15
170,2013-11-11,_ResidenceYears,2013-9-15
172,2013-11-6,_Age,2013-11-4
172,2013-11-6,_educationId,2012-9-24
172,2013-11-6,_EducationId,2013-11-4
172,2013-11-6,_flag_UCtoBcp,2013-10-31
172,2013-11-6,_flag_UCtoBcp,2013-10-31
172,2013-11-6,_flag_UCtoPVR,2013-10-31
172,2013-11-6,_flag_UCtoPVR,2013-10-31
172,2013-11-6,_Gender,2013-11-4
172,2013-11-6,_hasBuyCar,2012-9-24
172,2013-11-6,_idNumber,2012-9-24
172,2013-11-6,_lastUpdateDate,2012-9-24
172,2013-11-6,_LastUpdateDate,2013-10-31
172,2013-11-6,_LastUpdateDate,2013-11-4
172,2013-11-6,_marriageStatusId,2012-9-24
172,2013-11-6,_mobilePhone,2012-9-24
172,2013-11-6,_mobilePhone,2013-11-1
172,2013-11-6,_mobilePhone,2013-11-6
172,2013-11-6,_mobilePhone,2013-11-6
172,2013-11-6,_QQ,2013-11-4
172,2013-11-6,_realName,2012-9-24
172,2013-11-6,_RealName,2013-10-31
172,2013-11-6,_regStepId,2012-9-24
172,2013-11-6,_regStepId,2012-9-24
172,2013-11-6,_residenceAddress,2012-9-24
172,2013-11-6,_residencePhone,2012-9-24
172,2013-11-6,_ResidencePhone,2013-10-31
172,2013-11-6,_residenceTypeId,2012-9-24
172,2013-11-6,_ResidenceTypeId,2013-10-31
172,2013-11-6,_residenceYears,2012-9-24
172,2013-11-6,_ResidenceYears,2013-10-31
173,2013-11-8,_HasBuyCar,2013-10-30
173,2013-11-8,_LastUpdateDate,2013-10-30
173,2013-11-8,_LastUpdateDate,2013-10-30
173,2013-11-8,_MobilePhone,2013-10-30
173,2013-11-8,_MobilePhone,2013-10-30
173,2013-11-8,_MobilePhone,2013-10-30
173,2013-11-8,_QQ,2013-10-30
173,2013-11-8,_ResidencePhone,2013-10-30
173,2013-11-8,_ResidenceTypeId,2013-10-30
173,2013-11-8,_ResidenceYears,2013-10-30
176,2013-11-12,_CompanyPhone,2013-11-12
176,2013-11-12,_EducationId,2013-10-31
176,2013-11-12,_HasBuyCar,2013-10-31
176,2013-11-12,_IdNumber,2013-10-31
176,2013-11-12,_IsCash,2013-11-12
176,2013-11-12,_LastUpdateDate,2013-11-12
176,2013-11-12,_MarriageStatusId,2013-10-31
176,2013-11-12,_MobilePhone,2013-10-31
176,2013-11-12,_mobilePhone,2013-11-12
176,2013-11-12,_QQ,2013-10-31
176,2013-11-12,_RealName,2013-10-31
176,2013-11-12,_ResidenceAddress,2013-10-31
176,2013-11-12,_ResidencePhone,2013-10-31
176,2013-11-12,_ResidenceTypeId,2013-10-31
176,2013-11-12,_ResidenceYears,2013-10-31
177,2013-11-6,_EducationId,2013-10-31
177,2013-11-6,_HasBuyCar,2013-10-31
177,2013-11-6,_IdNumber,2013-10-31
177,2013-11-6,_LastUpdateDate,2013-10-31
177,2013-11-6,_MarriageStatusId,2013-10-31
177,2013-11-6,_MobilePhone,2013-10-31
177,2013-11-6,_MobilePhone,2013-10-31
177,2013-11-6,_mobilePhone,2013-11-1
177,2013-11-6,_mobilePhone,2013-11-1
177,2013-11-6,_QQ,2013-10-31
177,2013-11-6,_RealName,2013-10-31
177,2013-11-6,_ResidencePhone,2013-10-31
177,2013-11-6,_ResidenceTypeId,2013-10-31
177,2013-11-6,_ResidenceYears,2013-10-31
182,2013-11-6,_EducationId,2013-10-31
182,2013-11-6,_HasBuyCar,2013-10-31
182,2013-11-6,_IdNumber,2013-10-31
182,2013-11-6,_MarriageStatusId,2013-10-31
182,2013-11-6,_MobilePhone,2013-10-31
182,2013-11-6,_QQ,2013-10-31
182,2013-11-6,_RealName,2013-10-31
182,2013-11-6,_ResidenceAddress,2013-10-31
182,2013-11-6,_ResidencePhone,2013-10-31
182,2013-11-6,_ResidenceTypeId,2013-10-31
182,2013-11-6,_ResidenceYears,2013-10-31
191,2013-11-4,_EducationId,2013-10-21
191,2013-11-4,_HasBuyCar,2013-10-21
191,2013-11-4,_IdNumber,2013-10-21
191,2013-11-4,_LastUpdateDate,2013-10-21
191,2013-11-4,_MarriageStatusId,2013-10-21
191,2013-11-4,_MobilePhone,2013-10-21
191,2013-11-4,_MobilePhone,2013-10-21
191,2013-11-4,_mobilePhone,2013-11-1
191,2013-11-4,_QQ,2013-10-21
191,2013-11-4,_RealName,2013-10-21
191,2013-11-4,_ResidencePhone,2013-10-21
191,2013-11-4,_ResidenceTypeId,2013-10-21
191,2013-11-4,_ResidenceYears,2013-10-21
196,2013-11-6,_age,2013-6-4
196,2013-11-6,_ByUserId,2013-11-4
196,2013-11-6,_educationId,2013-6-4
196,2013-11-6,_gender,2013-6-4
196,2013-11-6,_hasBuyCar,2013-6-4
196,2013-11-6,_idNumber,2013-6-4
196,2013-11-6,_lastUpdateDate,2013-6-4
196,2013-11-6,_LastUpdateDate,2013-11-4
196,2013-11-6,_LastUpdateDate,2013-11-4
196,2013-11-6,_marriageStatusId,2013-6-4
196,2013-11-6,_mobilePhone,2013-6-4
196,2013-11-6,_MobilePhone,2013-10-31
196,2013-11-6,_mobilePhone,2013-11-4
196,2013-11-6,_Phone,2013-11-4
196,2013-11-6,_qQ,2013-6-4
196,2013-11-6,_realName,2013-6-4
196,2013-11-6,_RealName,2013-11-4
196,2013-11-6,_regStepId,2013-6-4
196,2013-11-6,_regStepId,2013-6-4
196,2013-11-6,_RelationshipId,2013-11-4
196,2013-11-6,_residenceAddress,2013-6-4
196,2013-11-6,_residencePhone,2013-6-4
196,2013-11-6,_residenceTypeId,2013-6-4
196,2013-11-6,_residenceYears,2013-6-4
203,2013-11-6,_Age,2013-11-1
203,2013-11-6,_EducationId,2013-10-31
203,2013-11-6,_Gender,2013-11-1
203,2013-11-6,_HasBuyCar,2013-10-31
203,2013-11-6,_IdNumber,2013-10-31
203,2013-11-6,_LastUpdateDate,2013-11-1
203,2013-11-6,_MarriageStatusId,2013-10-31
203,2013-11-6,_MobilePhone,2013-10-31
203,2013-11-6,_QQ,2013-10-31
203,2013-11-6,_RealName,2013-10-31
203,2013-11-6,_ResidenceAddress,2013-10-31
203,2013-11-6,_ResidencePhone,2013-10-31
203,2013-11-6,_ResidenceTypeId,2013-10-31
203,2013-11-6,_ResidenceYears,2013-10-31
214,2013-11-8,_age,2013-5-31
214,2013-11-8,_ByUserId,2013-10-31
214,2013-11-8,_ByUserId,2013-10-31
214,2013-11-8,_CompanyName,2013-10-31
214,2013-11-8,_educationId,2013-5-31
214,2013-11-8,_flag_UCtoBcp,2013-10-31
214,2013-11-8,_flag_UCtoBcp,2013-10-31
214,2013-11-8,_flag_UCtoPVR,2013-10-31
214,2013-11-8,_flag_UCtoPVR,2013-10-31
214,2013-11-8,_gender,2013-5-31
214,2013-11-8,_hasBuyCar,2013-5-31
214,2013-11-8,_idNumber,2013-5-31
214,2013-11-8,_lastUpdateDate,2013-5-31
214,2013-11-8,_lastUpdateDate,2013-5-31
214,2013-11-8,_lastUpdateDate,2013-5-31
214,2013-11-8,_lastUpdateDate,2013-5-31
214,2013-11-8,_lastUpdateDate,2013-5-31
214,2013-11-8,_LastUpdateDate,2013-10-31
214,2013-11-8,_LastUpdateDate,2013-10-31
214,2013-11-8,_marriageStatusId,2013-5-31
214,2013-11-8,_mobilePhone,2013-5-31
214,2013-11-8,_mobilePhone,2013-10-31
214,2013-11-8,_Phone,2013-10-31
214,2013-11-8,_Phone,2013-10-31
214,2013-11-8,_qQ,2013-5-31
214,2013-11-8,_QQ,2013-10-31
214,2013-11-8,_realName,2013-5-31
214,2013-11-8,_realName,2013-5-31
214,2013-11-8,_RealName,2013-10-31
214,2013-11-8,_RealName,2013-10-31
214,2013-11-8,_regStepId,2013-5-31
214,2013-11-8,_regStepId,2013-5-31
214,2013-11-8,_residenceAddress,2013-5-31
214,2013-11-8,_residencePhone,2013-5-31
214,2013-11-8,_ResidencePhone,2013-10-31
214,2013-11-8,_residenceTypeId,2013-5-31
214,2013-11-8,_ResidenceTypeId,2013-10-31
214,2013-11-8,_residenceYears,2013-5-31
214,2013-11-8,_ResidenceYears,2013-10-31
217,2013-11-4,_EducationId,2013-10-26
217,2013-11-4,_flag_UCtoBcp,2013-10-31
217,2013-11-4,_flag_UCtoBcp,2013-10-31
217,2013-11-4,_flag_UCtoPVR,2013-10-31
217,2013-11-4,_flag_UCtoPVR,2013-10-31
217,2013-11-4,_HasBuyCar,2013-10-26
217,2013-11-4,_IdNumber,2013-10-26
217,2013-11-4,_LastUpdateDate,2013-10-26
217,2013-11-4,_MarriageStatusId,2013-10-26
217,2013-11-4,_MobilePhone,2013-10-26
217,2013-11-4,_MobilePhone,2013-10-26
217,2013-11-4,_mobilePhone,2013-10-31
217,2013-11-4,_mobilePhone,2013-10-31
217,2013-11-4,_QQ,2013-10-26
217,2013-11-4,_RealName,2013-10-26
217,2013-11-4,_ResidencePhone,2013-10-26
217,2013-11-4,_ResidenceTypeId,2013-10-26
217,2013-11-4,_ResidenceYears,2013-10-26
218,2013-11-6,_ByUserId,2013-11-6
218,2013-11-6,_EducationId,2013-10-31
218,2013-11-6,_HasBuyCar,2013-10-31
218,2013-11-6,_IdNumber,2013-10-31
218,2013-11-6,_MarriageStatusId,2013-10-31
218,2013-11-6,_MobilePhone,2013-10-31
218,2013-11-6,_mobilePhone,2013-11-4
218,2013-11-6,_mobilePhone,2013-11-4
218,2013-11-6,_mobilePhone,2013-11-6
218,2013-11-6,_QQ,2013-10-31
218,2013-11-6,_RealName,2013-10-31
218,2013-11-6,_ResidenceAddress,2013-10-31
218,2013-11-6,_ResidencePhone,2013-10-31
218,2013-11-6,_ResidenceTypeId,2013-10-31
218,2013-11-6,_ResidenceYears,2013-10-31
225,2013-11-8,_EducationId,2013-10-31
225,2013-11-8,_HasBuyCar,2013-10-31
225,2013-11-8,_IdNumber,2013-10-31
225,2013-11-8,_MarriageStatusId,2013-10-31
225,2013-11-8,_MobilePhone,2013-10-31
225,2013-11-8,_QQ,2013-10-31
225,2013-11-8,_RealName,2013-10-31
225,2013-11-8,_ResidenceAddress,2013-10-31
225,2013-11-8,_ResidencePhone,2013-10-31
225,2013-11-8,_ResidenceTypeId,2013-10-31
225,2013-11-8,_ResidenceYears,2013-10-31
227,2013-11-6,_EducationId,2013-10-15
227,2013-11-6,_HasBuyCar,2013-10-15
227,2013-11-6,_IdNumber,2013-10-15
227,2013-11-6,_LastUpdateDate,2013-10-15
227,2013-11-6,_MarriageStatusId,2013-10-15
227,2013-11-6,_MobilePhone,2013-10-15
227,2013-11-6,_MobilePhone,2013-10-15
227,2013-11-6,_QQ,2013-10-15
227,2013-11-6,_RealName,2013-10-15
227,2013-11-6,_ResidencePhone,2013-10-15
227,2013-11-6,_ResidenceTypeId,2013-10-15
227,2013-11-6,_ResidenceYears,2013-10-15
232,2013-11-4,_EducationId,2013-11-1
232,2013-11-4,_HasBuyCar,2013-11-1
232,2013-11-4,_IdNumber,2013-11-1
232,2013-11-4,_LastUpdateDate,2013-11-1
232,2013-11-4,_MarriageStatusId,2013-11-1
232,2013-11-4,_MobilePhone,2013-11-1
232,2013-11-4,_QQ,2013-11-1
232,2013-11-4,_RealName,2013-11-1
232,2013-11-4,_ResidenceAddress,2013-11-1
232,2013-11-4,_ResidencePhone,2013-11-1
232,2013-11-4,_ResidenceTypeId,2013-11-1
232,2013-11-4,_ResidenceYears,2013-11-1
236,2013-11-13,_EducationId,2013-11-1
236,2013-11-13,_EducationId,2013-11-1
236,2013-11-13,_HasBuyCar,2013-11-1
236,2013-11-13,_HasBuyCar,2013-11-1
236,2013-11-13,_IdNumber,2013-11-1
236,2013-11-13,_IdNumber,2013-11-1
236,2013-11-13,_MarriageStatusId,2013-11-1
236,2013-11-13,_MarriageStatusId,2013-11-1
236,2013-11-13,_MobilePhone,2013-11-1
236,2013-11-13,_QQ,2013-11-1
236,2013-11-13,_QQ,2013-11-1
236,2013-11-13,_RealName,2013-11-1
236,2013-11-13,_RealName,2013-11-1
236,2013-11-13,_ResidenceAddress,2013-11-1
236,2013-11-13,_ResidenceAddress,2013-11-1
236,2013-11-13,_ResidencePhone,2013-11-1
236,2013-11-13,_ResidencePhone,2013-11-1
236,2013-11-13,_ResidenceTypeId,2013-11-1
236,2013-11-13,_ResidenceTypeId,2013-11-1
236,2013-11-13,_ResidenceYears,2013-11-1
236,2013-11-13,_ResidenceYears,2013-11-1
238,2013-11-11,_EducationId,2013-11-1
238,2013-11-11,_HasBuyCar,2013-11-1
238,2013-11-11,_IdNumber,2013-11-1
238,2013-11-11,_MarriageStatusId,2013-11-1
238,2013-11-11,_MobilePhone,2013-11-1
238,2013-11-11,_QQ,2013-11-1
238,2013-11-11,_RealName,2013-11-1
238,2013-11-11,_ResidenceAddress,2013-11-1
238,2013-11-11,_ResidencePhone,2013-11-1
238,2013-11-11,_ResidenceTypeId,2013-11-1
238,2013-11-11,_ResidenceYears,2013-11-1
240,2013-11-8,_EducationId,2013-11-1
240,2013-11-8,_HasBuyCar,2013-11-1
240,2013-11-8,_IdNumber,2013-11-1
240,2013-11-8,_MarriageStatusId,2013-11-1
240,2013-11-8,_MobilePhone,2013-11-1
240,2013-11-8,_QQ,2013-11-1
240,2013-11-8,_RealName,2013-11-1
240,2013-11-8,_ResidenceAddress,2013-11-1
240,2013-11-8,_ResidencePhone,2013-11-1
240,2013-11-8,_ResidenceTypeId,2013-11-1
240,2013-11-8,_ResidenceYears,2013-11-1
242,2013-11-5,_EducationId,2013-11-1
242,2013-11-5,_HasBuyCar,2013-11-1
242,2013-11-5,_IdNumber,2013-11-1
242,2013-11-5,_MarriageStatusId,2013-11-1
242,2013-11-5,_MobilePhone,2013-11-1
242,2013-11-5,_QQ,2013-11-1
242,2013-11-5,_RealName,2013-11-1
242,2013-11-5,_ResidenceAddress,2013-11-1
242,2013-11-5,_ResidencePhone,2013-11-1
242,2013-11-5,_ResidenceTypeId,2013-11-1
242,2013-11-5,_ResidenceYears,2013-11-1
245,2013-11-7,_EducationId,2013-11-1
245,2013-11-7,_HasBuyCar,2013-11-1
245,2013-11-7,_IdNumber,2013-11-1
245,2013-11-7,_MarriageStatusId,2013-11-1
245,2013-11-7,_MobilePhone,2013-11-1
245,2013-11-7,_Phone,2013-11-2
245,2013-11-7,_Phone,2013-11-7
245,2013-11-7,_QQ,2013-11-1
245,2013-11-7,_RealName,2013-11-1
245,2013-11-7,_RealName,2013-11-7
245,2013-11-7,_RelationshipId,2013-11-7
245,2013-11-7,_ResidenceAddress,2013-11-1
245,2013-11-7,_ResidencePhone,2013-11-1
245,2013-11-7,_ResidenceTypeId,2013-11-1
245,2013-11-7,_ResidenceYears,2013-11-1
246,2013-11-8,_EducationId,2013-11-1
246,2013-11-8,_HasBuyCar,2013-11-1
246,2013-11-8,_IdNumber,2013-11-1
246,2013-11-8,_MarriageStatusId,2013-11-1
246,2013-11-8,_MobilePhone,2013-11-1
246,2013-11-8,_mobilePhone,2013-11-8
246,2013-11-8,_QQ,2013-11-1
246,2013-11-8,_RealName,2013-11-1
246,2013-11-8,_ResidenceAddress,2013-11-1
246,2013-11-8,_ResidencePhone,2013-11-1
246,2013-11-8,_ResidenceTypeId,2013-11-1
246,2013-11-8,_ResidenceYears,2013-11-1
250,2013-11-6,_EducationId,2013-11-1
250,2013-11-6,_HasBuyCar,2013-11-1
250,2013-11-6,_IdNumber,2013-11-1
250,2013-11-6,_MarriageStatusId,2013-11-1
250,2013-11-6,_MobilePhone,2013-11-1
250,2013-11-6,_QQ,2013-11-1
250,2013-11-6,_RealName,2013-11-1
250,2013-11-6,_ResidenceAddress,2013-11-1
250,2013-11-6,_ResidencePhone,2013-11-1
250,2013-11-6,_ResidenceTypeId,2013-11-1
250,2013-11-6,_ResidenceYears,2013-11-1
251,2013-11-6,_EducationId,2013-10-31
251,2013-11-6,_HasBuyCar,2013-10-31
251,2013-11-6,_IdNumber,2013-10-31
251,2013-11-6,_MarriageStatusId,2013-10-31
251,2013-11-6,_MobilePhone,2013-10-31
251,2013-11-6,_mobilePhone,2013-11-1
251,2013-11-6,_mobilePhone,2013-11-1
251,2013-11-6,_QQ,2013-10-31
251,2013-11-6,_RealName,2013-10-31
251,2013-11-6,_ResidenceAddress,2013-10-31
251,2013-11-6,_ResidencePhone,2013-10-31
251,2013-11-6,_ResidenceTypeId,2013-10-31
251,2013-11-6,_ResidenceYears,2013-10-31
253,2013-11-7,_CompanyName,2013-11-1
253,2013-11-7,_EducationId,2013-11-1
253,2013-11-7,_HasBuyCar,2013-11-1
253,2013-11-7,_IdNumber,2013-11-1
253,2013-11-7,_LastUpdateDate,2013-11-1
253,2013-11-7,_LastUpdateDate,2013-11-1
253,2013-11-7,_LastUpdateDate,2013-11-1
253,2013-11-7,_MarriageStatusId,2013-11-1
253,2013-11-7,_MobilePhone,2013-11-1
253,2013-11-7,_MobilePhone,2013-11-1
253,2013-11-7,_mobilePhone,2013-11-6
253,2013-11-7,_QQ,2013-11-1
253,2013-11-7,_RealName,2013-11-1
253,2013-11-7,_ResidencePhone,2013-11-1
253,2013-11-7,_ResidenceTypeId,2013-11-1
253,2013-11-7,_ResidenceYears,2013-11-1
254,2013-11-7,_EducationId,2013-11-1
254,2013-11-7,_EducationId,2013-11-1
254,2013-11-7,_HasBuyCar,2013-11-1
254,2013-11-7,_HasBuyCar,2013-11-1
254,2013-11-7,_IdNumber,2013-11-1
254,2013-11-7,_IdNumber,2013-11-1
254,2013-11-7,_LastUpdateDate,2013-11-1
254,2013-11-7,_MarriageStatusId,2013-11-1
254,2013-11-7,_MarriageStatusId,2013-11-1
254,2013-11-7,_MobilePhone,2013-11-1
254,2013-11-7,_mobilePhone,2013-11-7
254,2013-11-7,_QQ,2013-11-1
254,2013-11-7,_QQ,2013-11-1
254,2013-11-7,_RealName,2013-11-1
254,2013-11-7,_RealName,2013-11-1
254,2013-11-7,_ResidenceAddress,2013-11-1
254,2013-11-7,_ResidenceAddress,2013-11-1
254,2013-11-7,_ResidencePhone,2013-11-1
254,2013-11-7,_ResidencePhone,2013-11-1
254,2013-11-7,_ResidenceTypeId,2013-11-1
254,2013-11-7,_ResidenceTypeId,2013-11-1
254,2013-11-7,_ResidenceYears,2013-11-1
254,2013-11-7,_ResidenceYears,2013-11-1
255,2013-11-12,_EducationId,2013-11-1
255,2013-11-12,_HasBuyCar,2013-11-1
255,2013-11-12,_IdNumber,2013-11-1
255,2013-11-12,_MarriageStatusId,2013-11-1
255,2013-11-12,_MobilePhone,2013-11-1
255,2013-11-12,_QQ,2013-11-1
255,2013-11-12,_RealName,2013-11-1
255,2013-11-12,_RelationshipId,2013-11-3
255,2013-11-12,_ResidenceAddress,2013-11-1
255,2013-11-12,_ResidencePhone,2013-11-1
255,2013-11-12,_ResidenceTypeId,2013-11-1
255,2013-11-12,_ResidenceYears,2013-11-1
258,2013-11-7,_companyAddress,2012-11-14
258,2013-11-7,_companyName,2012-11-14
258,2013-11-7,_companyPhone,2012-11-14
258,2013-11-7,_companyTypeId,2012-11-14
258,2013-11-7,_department,2012-11-14
258,2013-11-7,_lastUpdateDate,2012-11-14
258,2013-11-7,_lastUpdateDate,2012-11-14
258,2013-11-7,_lastUpdateDate,2012-11-14
258,2013-11-7,_lastUpdateDate,2012-11-14
258,2013-11-7,_phone,2012-11-14
258,2013-11-7,_realName,2012-11-14
258,2013-11-7,_regStepId,2012-11-14
258,2013-11-7,_relationshipId,2012-11-14
258,2013-11-7,_relationshipId,2012-11-19
258,2013-11-7,_residenceAddress,2012-11-14
258,2013-11-7,_residencePhone,2012-11-14
258,2013-11-7,_residenceYears,2012-11-14
258,2013-11-7,_workYears,2012-11-14
260,2013-11-6,_EducationId,2013-11-1
260,2013-11-6,_HasBuyCar,2013-11-1
260,2013-11-6,_IdNumber,2013-11-1
260,2013-11-6,_MarriageStatusId,2013-11-1
260,2013-11-6,_MobilePhone,2013-11-1
260,2013-11-6,_QQ,2013-11-1
260,2013-11-6,_RealName,2013-11-1
260,2013-11-6,_RealName,2013-11-5
260,2013-11-6,_ResidenceAddress,2013-11-1
260,2013-11-6,_ResidencePhone,2013-11-1
260,2013-11-6,_ResidenceTypeId,2013-11-1
260,2013-11-6,_ResidenceYears,2013-11-1
261,2013-11-7,_EducationId,2013-10-10
261,2013-11-7,_HasBuyCar,2013-10-10
261,2013-11-7,_IdNumber,2013-10-10
261,2013-11-7,_IncomeFrom,2013-11-5
261,2013-11-7,_LastUpdateDate,2013-10-10
261,2013-11-7,_MarriageStatusId,2013-10-10
261,2013-11-7,_MobilePhone,2013-10-10
261,2013-11-7,_MobilePhone,2013-10-10
261,2013-11-7,_mobilePhone,2013-11-5
261,2013-11-7,_QQ,2013-10-10
261,2013-11-7,_RealName,2013-10-10
261,2013-11-7,_ResidencePhone,2013-10-10
261,2013-11-7,_ResidenceTypeId,2013-10-10
261,2013-11-7,_ResidenceYears,2013-10-10
262,2013-11-8,_Age,2013-10-30
262,2013-11-8,_HasBuyCar,2013-10-30
262,2013-11-8,_LastUpdateDate,2013-10-30
262,2013-11-8,_LastUpdateDate,2013-10-30
262,2013-11-8,_MobilePhone,2013-10-30
262,2013-11-8,_mobilePhone,2013-11-7
262,2013-11-8,_mobilePhone,2013-11-7
262,2013-11-8,_QQ,2013-10-30
262,2013-11-8,_ResidencePhone,2013-10-30
262,2013-11-8,_ResidenceTypeId,2013-10-30
262,2013-11-8,_ResidenceYears,2013-10-30
266,2013-11-7,_EducationId,2013-10-10
266,2013-11-7,_HasBuyCar,2013-10-10
266,2013-11-7,_IdNumber,2013-10-10
266,2013-11-7,_LastUpdateDate,2013-10-10
266,2013-11-7,_MarriageStatusId,2013-10-10
266,2013-11-7,_MarriageStatusId,2013-11-3
266,2013-11-7,_MobilePhone,2013-10-10
266,2013-11-7,_MobilePhone,2013-10-10
266,2013-11-7,_mobilePhone,2013-11-7
266,2013-11-7,_mobilePhone,2013-11-7
266,2013-11-7,_QQ,2013-10-10
266,2013-11-7,_RealName,2013-10-10
266,2013-11-7,_ResidencePhone,2013-10-10
266,2013-11-7,_ResidenceTypeId,2013-10-10
266,2013-11-7,_ResidenceYears,2013-10-10
273,2013-11-8,_Age,2013-11-6
273,2013-11-8,_EducationId,2013-11-1
273,2013-11-8,_Gender,2013-11-6
273,2013-11-8,_HasBuyCar,2013-11-1
273,2013-11-8,_IdNumber,2013-11-1
273,2013-11-8,_LastUpdateDate,2013-11-6
273,2013-11-8,_MarriageStatusId,2013-11-1
273,2013-11-8,_MobilePhone,2013-11-1
273,2013-11-8,_QQ,2013-11-1
273,2013-11-8,_RealName,2013-11-1
273,2013-11-8,_ResidenceAddress,2013-11-1
273,2013-11-8,_ResidencePhone,2013-11-1
273,2013-11-8,_ResidenceTypeId,2013-11-1
273,2013-11-8,_ResidenceYears,2013-11-1
274,2013-11-9,_EducationId,2013-11-1
274,2013-11-9,_HasBuyCar,2013-11-1
274,2013-11-9,_IdNumber,2013-11-1
274,2013-11-9,_MarriageStatusId,2013-11-1
274,2013-11-9,_MobilePhone,2013-11-1
274,2013-11-9,_mobilePhone,2013-11-9
274,2013-11-9,_QQ,2013-11-1
274,2013-11-9,_RealName,2013-11-1
274,2013-11-9,_ResidenceAddress,2013-11-1
274,2013-11-9,_ResidencePhone,2013-11-1
274,2013-11-9,_ResidenceTypeId,2013-11-1
274,2013-11-9,_ResidenceYears,2013-11-1
276,2013-11-8,_EducationId,2013-11-1
276,2013-11-8,_EducationId,2013-11-1
276,2013-11-8,_HasBuyCar,2013-11-1
276,2013-11-8,_HasBuyCar,2013-11-1
276,2013-11-8,_IdNumber,2013-11-1
276,2013-11-8,_IdNumber,2013-11-1
276,2013-11-8,_MarriageStatusId,2013-11-1
276,2013-11-8,_MarriageStatusId,2013-11-1
276,2013-11-8,_MobilePhone,2013-11-1
276,2013-11-8,_mobilePhone,2013-11-8
276,2013-11-8,_QQ,2013-11-1
276,2013-11-8,_QQ,2013-11-1
276,2013-11-8,_RealName,2013-11-1
276,2013-11-8,_RealName,2013-11-1
276,2013-11-8,_ResidenceAddress,2013-11-1
276,2013-11-8,_ResidenceAddress,2013-11-1
276,2013-11-8,_ResidencePhone,2013-11-1
276,2013-11-8,_ResidencePhone,2013-11-1
276,2013-11-8,_ResidenceTypeId,2013-11-1
276,2013-11-8,_ResidenceTypeId,2013-11-1
276,2013-11-8,_ResidenceYears,2013-11-1
276,2013-11-8,_ResidenceYears,2013-11-1
277,2013-11-12,_EducationId,2013-10-1
277,2013-11-12,_EducationId,2013-10-2
277,2013-11-12,_HasBuyCar,2013-10-1
277,2013-11-12,_IdNumber,2013-10-1
277,2013-11-12,_LastUpdateDate,2013-10-1
277,2013-11-12,_LastUpdateDate,2013-10-1
277,2013-11-12,_LastUpdateDate,2013-10-1
277,2013-11-12,_LastUpdateDate,2013-10-1
277,2013-11-12,_LastUpdateDate,2013-10-1
277,2013-11-12,_LastUpdateDate,2013-10-2
277,2013-11-12,_LastUpdateDate,2013-11-3
277,2013-11-12,_MarriageStatusId,2013-10-1
277,2013-11-12,_MobilePhone,2013-10-1
277,2013-11-12,_MobilePhone,2013-10-1
277,2013-11-12,_QQ,2013-10-1
277,2013-11-12,_RealName,2013-10-1
277,2013-11-12,_ResidencePhone,2013-10-1
277,2013-11-12,_ResidenceTypeId,2013-10-1
277,2013-11-12,_ResidenceYears,2013-10-1
282,2013-11-7,_EducationId,2013-9-16
282,2013-11-7,_HasBuyCar,2013-9-16
282,2013-11-7,_IdNumber,2013-9-16
282,2013-11-7,_LastUpdateDate,2013-9-16
282,2013-11-7,_LastUpdateDate,2013-9-16
282,2013-11-7,_MarriageStatusId,2013-9-16
282,2013-11-7,_MobilePhone,2013-9-16
282,2013-11-7,_MobilePhone,2013-9-16
282,2013-11-7,_QQ,2013-9-16
282,2013-11-7,_RealName,2013-9-16
282,2013-11-7,_ResidencePhone,2013-9-16
282,2013-11-7,_ResidenceTypeId,2013-9-16
282,2013-11-7,_ResidenceYears,2013-9-16
290,2013-11-7,_CompanyAddress,2013-11-2
290,2013-11-7,_CompanyName,2013-11-2
290,2013-11-7,_CompanyPhone,2013-11-2
290,2013-11-7,_CompanyPhone,2013-11-4
290,2013-11-7,_flag_UCtoBcp,2013-11-2
290,2013-11-7,_flag_UCtoBcp,2013-11-2
290,2013-11-7,_flag_UCtoPVR,2013-11-2
290,2013-11-7,_flag_UCtoPVR,2013-11-2
290,2013-11-7,_HasBuyCar,2013-11-2
290,2013-11-7,_LastUpdateDate,2013-11-2
290,2013-11-7,_LastUpdateDate,2013-11-2
290,2013-11-7,_LastUpdateDate,2013-11-2
290,2013-11-7,_LastUpdateDate,2013-11-2
290,2013-11-7,_LastUpdateDate,2013-11-4
290,2013-11-7,_LastUpdateDate,2013-11-4
290,2013-11-7,_MobilePhone,2013-11-2
290,2013-11-7,_Phone,2013-11-2
290,2013-11-7,_QQ,2013-11-2
290,2013-11-7,_ResidenceAddress,2013-11-4
290,2013-11-7,_ResidencePhone,2013-11-2
290,2013-11-7,_ResidenceYears,2013-11-2
292,2013-11-7,_age,2012-11-26
292,2013-11-7,_companyAddress,2012-11-26
292,2013-11-7,_companyName,2012-11-26
292,2013-11-7,_companyPhone,2012-11-26
292,2013-11-7,_companyTypeId,2012-11-26
292,2013-11-7,_department,2012-11-26
292,2013-11-7,_hasBuyCar,2012-11-26
292,2013-11-7,_idNumber,2012-11-26
292,2013-11-7,_isCash,2012-11-26
292,2013-11-7,_lastUpdateDate,2012-11-26
292,2013-11-7,_lastUpdateDate,2012-11-26
292,2013-11-7,_LastUpdateDate,2013-11-2
292,2013-11-7,_LastUpdateDate,2013-11-2
292,2013-11-7,_qQ,2012-11-26
292,2013-11-7,_regStepId,2012-11-26
292,2013-11-7,_residenceAddress,2012-11-26
292,2013-11-7,_residencePhone,2012-11-26
292,2013-11-7,_residenceTypeId,2012-11-26
292,2013-11-7,_residenceYears,2012-11-26
292,2013-11-7,_ResidenceYears,2013-11-2
292,2013-11-7,_workYears,2012-11-26
292,2013-11-7,_WorkYears,2013-11-2
292,2013-11-7,_WorkYears,2013-11-2
293,2013-11-7,_EducationId,2013-10-9
293,2013-11-7,_HasBuyCar,2013-10-9
293,2013-11-7,_IdNumber,2013-10-9
293,2013-11-7,_LastUpdateDate,2013-10-9
293,2013-11-7,_LastUpdateDate,2013-10-9
293,2013-11-7,_LastUpdateDate,2013-10-10
293,2013-11-7,_LastUpdateDate,2013-10-14
293,2013-11-7,_LastUpdateDate,2013-10-14
293,2013-11-7,_LastUpdateDate,2013-11-6
293,2013-11-7,_LastUpdateDate,2013-11-6
293,2013-11-7,_MarriageStatusId,2013-10-9
293,2013-11-7,_MobilePhone,2013-10-9
293,2013-11-7,_MobilePhone,2013-10-9
293,2013-11-7,_Phone,2013-11-6
293,2013-11-7,_QQ,2013-10-9
293,2013-11-7,_RealName,2013-10-9
293,2013-11-7,_RealName,2013-11-6
293,2013-11-7,_ResidencePhone,2013-10-9
293,2013-11-7,_ResidenceTypeId,2013-10-9
293,2013-11-7,_ResidenceTypeId,2013-10-10
293,2013-11-7,_ResidenceYears,2013-10-9
293,2013-11-7,_turnover,2013-10-10
293,2013-11-7,_turnover,2013-10-14
293,2013-11-7,_turnover,2013-11-6
299,2013-11-6,_EducationId,2013-11-2
299,2013-11-6,_HasBuyCar,2013-11-2
299,2013-11-6,_IdNumber,2013-11-2
299,2013-11-6,_LastUpdateDate,2013-11-2
299,2013-11-6,_MarriageStatusId,2013-11-2
299,2013-11-6,_MobilePhone,2013-11-2
299,2013-11-6,_QQ,2013-11-2
299,2013-11-6,_RealName,2013-11-2
299,2013-11-6,_ResidencePhone,2013-11-2
299,2013-11-6,_ResidenceTypeId,2013-11-2
299,2013-11-6,_ResidenceTypeId,2013-11-5
299,2013-11-6,_ResidenceYears,2013-11-2
300,2013-11-6,_EducationId,2013-11-1
300,2013-11-6,_HasBuyCar,2013-11-1
300,2013-11-6,_IdNumber,2013-11-1
300,2013-11-6,_MarriageStatusId,2013-11-1
300,2013-11-6,_MobilePhone,2013-11-1
300,2013-11-6,_mobilePhone,2013-11-4
300,2013-11-6,_Phone,2013-11-4
300,2013-11-6,_QQ,2013-11-1
300,2013-11-6,_RealName,2013-11-1
300,2013-11-6,_RealName,2013-11-4
300,2013-11-6,_RelationshipId,2013-11-4
300,2013-11-6,_ResidenceAddress,2013-11-1
300,2013-11-6,_ResidencePhone,2013-11-1
300,2013-11-6,_ResidenceTypeId,2013-11-1
300,2013-11-6,_ResidenceYears,2013-11-1
303,2013-11-9,_EducationId,2013-11-2
303,2013-11-9,_HasBuyCar,2013-11-2
303,2013-11-9,_IdNumber,2013-11-2
303,2013-11-9,_MarriageStatusId,2013-11-2
303,2013-11-9,_MobilePhone,2013-11-2
303,2013-11-9,_QQ,2013-11-2
303,2013-11-9,_RealName,2013-11-2
303,2013-11-9,_ResidenceAddress,2013-11-2
303,2013-11-9,_ResidencePhone,2013-11-2
303,2013-11-9,_ResidenceTypeId,2013-11-2
303,2013-11-9,_ResidenceYears,2013-11-2
304,2013-11-8,_EducationId,2013-11-2
304,2013-11-8,_EducationId,2013-11-2
304,2013-11-8,_EducationId,2013-11-2
304,2013-11-8,_HasBuyCar,2013-11-2
304,2013-11-8,_HasBuyCar,2013-11-2
304,2013-11-8,_HasBuyCar,2013-11-2
304,2013-11-8,_IdNumber,2013-11-2
304,2013-11-8,_IdNumber,2013-11-2
304,2013-11-8,_IdNumber,2013-11-2
304,2013-11-8,_MarriageStatusId,2013-11-2
304,2013-11-8,_MarriageStatusId,2013-11-2
304,2013-11-8,_MarriageStatusId,2013-11-2
304,2013-11-8,_MobilePhone,2013-11-2
304,2013-11-8,_mobilePhone,2013-11-5
304,2013-11-8,_QQ,2013-11-2
304,2013-11-8,_QQ,2013-11-2
304,2013-11-8,_QQ,2013-11-2
304,2013-11-8,_RealName,2013-11-2
304,2013-11-8,_RealName,2013-11-2
304,2013-11-8,_RealName,2013-11-2
304,2013-11-8,_ResidenceAddress,2013-11-2
304,2013-11-8,_ResidenceAddress,2013-11-2
304,2013-11-8,_ResidenceAddress,2013-11-2
304,2013-11-8,_ResidencePhone,2013-11-2
304,2013-11-8,_ResidencePhone,2013-11-2
304,2013-11-8,_ResidencePhone,2013-11-2
304,2013-11-8,_ResidenceTypeId,2013-11-2
304,2013-11-8,_ResidenceTypeId,2013-11-2
304,2013-11-8,_ResidenceTypeId,2013-11-2
304,2013-11-8,_ResidenceYears,2013-11-2
304,2013-11-8,_ResidenceYears,2013-11-2
304,2013-11-8,_ResidenceYears,2013-11-2
308,2013-11-5,_CompanyName,2013-11-2
308,2013-11-5,_flag_UCtoBcp,2013-11-4
308,2013-11-5,_flag_UCtoBcp,2013-11-4
308,2013-11-5,_flag_UCtoPVR,2013-11-4
308,2013-11-5,_HasBuyCar,2013-11-2
308,2013-11-5,_mobilePhone,2013-11-4
308,2013-11-5,_mobilePhone,2013-11-4
308,2013-11-5,_mobilePhone,2013-11-5
308,2013-11-5,_ResidenceTypeId,2013-11-2
308,2013-11-5,_ResidenceYears,2013-11-2
308,2013-11-5,_WorkYears,2013-11-2
311,2013-11-6,_EducationId,2013-11-2
311,2013-11-6,_HasBuyCar,2013-11-2
311,2013-11-6,_IdNumber,2013-11-2
311,2013-11-6,_MarriageStatusId,2013-11-2
311,2013-11-6,_MobilePhone,2013-11-2
311,2013-11-6,_mobilePhone,2013-11-6
311,2013-11-6,_QQ,2013-11-2
311,2013-11-6,_RealName,2013-11-2
311,2013-11-6,_ResidenceAddress,2013-11-2
311,2013-11-6,_ResidencePhone,2013-11-2
311,2013-11-6,_ResidenceTypeId,2013-11-2
311,2013-11-6,_ResidenceYears,2013-11-2
313,2013-11-9,_HasBuyCar,2013-9-16
313,2013-11-9,_LastUpdateDate,2013-11-1
313,2013-11-9,_ResidencePhone,2013-9-16
313,2013-11-9,_ResidenceTypeId,2013-9-16
313,2013-11-9,_ResidenceYears,2013-9-16
